Name;Name2;Ordnung;Ordnung-lt;Familie;Familie-lt;Gattung;Art;Sorte;Winterhart;Staude;Preis;Karlsgarten;jährig;Synonym1;Varietät;Name3;Synonym2;link
Baldrian;Echter Arznei Baldrian;Kardenartige;Dipsacales;Baldriangewächse;Valerianaceae;Valeriana;officinalis;;1;1;A;0;1;;;;;
Beifuß;Gewöhnlicher Beifuß;Asternartige;Asterales;Korbblütler;Asteraceae;Artemisia;vulgaris;;1;0;A;0;1;;;;;
Beinwell;;Nachtschattenartige;Solanales;Rauhblattgewächse;Boraginaceae;Symphytum;officinalis;;1;1;B;0;1;Comfrey;;;;
Zitronenbohnenkraut;;Lippenblütlerartige;Lamiales;Lippenblütler;Lamiaceae;Satureja;montana;;1;0;B;0;1;;citriodora;;;
Eberraute;;Asternartige;Asterales;Korbblütler;Asteraceae;Artemisia;abrotanum;;1;0;B;1;1;;;;;
Eibisch;;Malvenartige;Malvales;Malvengewächse;Malvaceae;Althea;officinalis;;1;0;B;1;1;;;;;
französischer Estragon;;Asternartige;Asterales;Korbblütler;Asteraceae;Artemisia;dracunculus;;1;0;B;0;1;;;;;
russischer Estragon;;Asternartige;Asterales;Korbblütler;Asteraceae;Artemisia;dracunculus;;1;0;A;1;1;;;;;
Kren;Meerrettich;Kapernartige;Capparales;Kreuzblütengewächse;Brassicaceae;Armoracia;rusticana;;1;0;A;0;1;;;;;
Lavendel;;Lippenblütlerartige;Lamiales;Lippenblütler;Lamiaceae;Lavandula;angustifolia;;1;0;B;0;1;;;;;
Liebstock;Liebstöckel;Doldenblütlerartige;Apiales;Doldengewächse;Apiaceae;Levisticum;officinale;;1;1;A;1;1;;;Maggikraut;;
Oregano;;Lippenblütlerartige;Lamiales;Lippenblütler;Lamiaceae;Origanum;vulgare;;1;0;A;0;1;;;;;
griechischer Oregano;;Lippenblütlerartige;Lamiales;Lippenblütler;Lamiaceae;Origanum;vulgare;;1;0;B;0;1;;viridulum;;;
syrischer Oregano;;Lippenblütlerartige;Lamiales;Lippenblütler;Lamiaceae;Origanum;syriacum;;1;0;B;0;1;;;;;
Pimpinelle;;Rosenartige;Rosales;Rosengewächse;Rosaceae;Sanguisorba;minor;;1;0;A;0;1;;;;;
Rhabarber;;Knöterichartige;Polygonales;Knöterichgewächse;Polygonaceae;Rheum;rhabarbarum;;1;0;B;0;1;;;;;
Rosmarin;;Lippenblütlerartige;Lamiales;Lippenblütler;Lamiaceae;Rosmarinus;officinalis;;1;0;B;1;1;;;;;
Salbei Standard;;Lippenblütlerartige;Lamiales;Lippenblütler;Lamiaceae;Salvia;officinalis;;1;0;A;1;1;;;;;
Salbei breitblättrig;;Lippenblütlerartige;Lamiales;Lippenblütler;Lamiaceae;Salvia;officinalis;;1;0;B;0;1;;;;;
Salbei gelblaubig;;Lippenblütlerartige;Lamiales;Lippenblütler;Lamiaceae;Salvia;officinalis;;1;0;B;0;1;;;;;
Salbei rotlaubig;;Lippenblütlerartige;Lamiales;Lippenblütler;Lamiaceae;Salvia;officinalis;;1;0;B;0;1;;;;;
Salbei dreifärbig;;Lippenblütlerartige;Lamiales;Lippenblütler;Lamiaceae;Salvia;officinalis;;1;0;B;0;1;;;;;
Ananassalbei;;Lippenblütlerartige;Lamiales;Lippenblütler;Lamiaceae;Salvia;rutilans;;0;0;B;0;3;;;;;
Sauerampfer;;Knöterichartige;Polygonales;Knöterichgewächse;Polygonaceae;Rumex;acetosa;;1;0;A;0;1;;;;;
Schnittlauch;;Spargelartige;Asparagales;Lauchgewächse;Alliaceae;Allium;schoenoprasum;;1;1;A;1;1;;;;;
Thymian;;Lippenblütlerartige;Lamiales;Lippenblütler;Lamiaceae;Thymus;vulgaris;;1;0;A;0;1;;;;;
Orangenthymian;;Lippenblütlerartige;Lamiales;Lippenblütler;Lamiaceae;Thymus;fragrantissimus;;1;0;B;0;1;;;;;
Zitronenthymian;;Lippenblütlerartige;Lamiales;Lippenblütler;Lamiaceae;Thymus;x citriodorus;;1;0;B;0;1;;;;;
Tripmadam;Felsen-Fetthenne;Steinbrechartige;Saxifragales;Dickblattgewächse;Crassulaceae;Sedum;rupestre;;1;0;B;0;1;;;;;
Waldmeister;;Röteartige;Rubiales;Rötegewächse;Rubiaceae;Galium;odoratum;;1;0;C;0;1;;;;;
Weinraute;;Seifenbaumartige;Sapindales;Rautengewächse;Rutaceae;Ruta;graveolens;;1;0;B;1;1;;;;;
Wermut;;Asternartige;Asterales;Korbblütler;Asteraceae;Artemisia;absinthium;;1;0;A;0;1;;;;;
Wintermajoran;;Lippenblütlerartige;Lamiales;Lippenblütler;Lamiaceae;Origanum;maru;;1;0;B;0;1;;;;;
Ysop;;Lippenblütlerartige;Lamiales;Lippenblütler;Lamiaceae;Hyssopus;officinalis;;1;0;A;0;1;;;;;
Zitronenmelisse;;Lippenblütlerartige;Lamiales;Lippenblütler;Lamiaceae;Melissa;officinalis;;1;0;A;0;1;;;;;
Goldmelisse;Indianernessel;Lippenblütlerartige;Lamiales;Lippenblütler;Lamiaceae;Monarda;didyma;;1;0;C;0;1;;;Scharlach-Indianernessel;;
Katzenmelisse;;Lippenblütlerartige;Lamiales;Lippenblütler;Lamiaceae;Nepeta;x faassenii;;1;0;A;0;1;;;;;
Zitronenverbene;Zitronenstrauch;Lippenblütlerartige;Lamiales;Eisenkrautgewächse;Verbenaceae;Aloysia;citriodora;;0;0;B;0;3;;;;;
Ananasminze;;Lippenblütlerartige;Lamiales;Lippenblütler;Lamiaceae;Mentha;x rotundifolia;'Bowles';1;0;B;0;;;;;;
Apfelminze;;Lippenblütlerartige;Lamiales;Lippenblütler;Lamiaceae;Mentha;suaveolens;;1;0;B;0;;;;;;
Katzenminze;Katzenmelisse;Lippenblütlerartige;Lamiales;Lippenblütler;Lamiaceae;Nepeta;x faassenii;;1;0;A;0;;;;;;
Kölnische Minze;;Lippenblütlerartige;Lamiales;Lippenblütler;Lamiaceae;Mentha;x piperita;'Eau de Cologne';1;0;B;0;;;;;;
Krauseminze;Ährenminze;Lippenblütlerartige;Lamiales;Lippenblütler;Lamiaceae;Mentha;spicata;'Crispa';1;0;B;1;;;;;;
Nudelminze;;Lippenblütlerartige;Lamiales;Lippenblütler;Lamiaceae;Mentha;austriaca;;1;0;B;0;;;;;;
Orangenminze;;Lippenblütlerartige;Lamiales;Lippenblütler;Lamiaceae;Mentha;x piperita;'Citrata';1;0;B;0;;;;;;
orig. engl. Minze;;Lippenblütlerartige;Lamiales;Lippenblütler;Lamiaceae;Mentha;x piperita;;1;0;B;0;;;;;;
Poleiminze;;Lippenblütlerartige;Lamiales;Lippenblütler;Lamiaceae;Mentha;pulegium;;1;0;B;1;;;;;;
Spearmint;;Lippenblütlerartige;Lamiales;Lippenblütler;Lamiaceae;Mentha;spicata;;1;0;A;0;;;;;;
Wasserminze;;Lippenblütlerartige;Lamiales;Lippenblütler;Lamiaceae;Mentha;aquatica;;1;0;A;1;;;;;;
Aztekensalbei;Wahrsagersalbei;Lippenblütlerartige;Lamiales;Lippenblütler;Lamiaceae;Salvia;divinorum;;0;0;E;0;3;Zaubersalbei;;Göttersalbei;;
Anis;;Doldenblütlerartige;Apiales;Doldengewächse;Apiaceae;Pimpinella;anisum;;0;0;A;1;1;;;;;
Basilikum;;Lippenblütlerartige;Lamiales;Lippenblütler;Lamiaceae;Ocimum;basilicum;;0;0;A;0;1;;;;;
kleinblättriges Basilikum;;Lippenblütlerartige;Lamiales;Lippenblütler;Lamiaceae;Ocimum;basilicum;;0;0;A;0;1;;;;;
rotlaubiges Basilikum;;Lippenblütlerartige;Lamiales;Lippenblütler;Lamiaceae;Ocimum;basilicum;;0;0;B;0;1;;;;;
Zimtbasilikum;;Lippenblütlerartige;Lamiales;Lippenblütler;Lamiaceae;Ocimum;basilicum;;0;0;B;0;1;;;;;
Bohnenkraut;Sommerbohnenkraut;Lippenblütlerartige;Lamiales;Lippenblütler;Lamiaceae;Satureja;hortensis;;0;0;A;1;1;;;;;
Borretsch;Gurkenkraut;Nachtschattenartige;Solanales;Rauhblattgewächse;Boraginaceae;Borago;officinalis;;0;0;A;0;1;;;;;
Dille;;Doldenblütlerartige;Apiales;Doldengewächse;Apiaceae;Anethum;graveolens;;0;0;B;1;1;;;;;
Fenchel;;Doldenblütlerartige;Apiales;Doldengewächse;Apiaceae;Foeniculum;vulgare;;0;0;B;1;2;;;;;
Kerbel;;Doldenblütlerartige;Apiales;Doldengewächse;Apiaceae;Anthriscus;cerefolium;;0;0;A;1;1;;;;;
Koriander;;Doldenblütlerartige;Apiales;Doldengewächse;Apiaceae;Coriandrum;sativum;;0;0;B;1;1;;;;;
Kümmel;;Doldenblütlerartige;Apiales;Doldengewächse;Apiaceae;Carum;carvi;;0;0;B;1;2;;;;;
Lorbeer;Lorbeerbaum;Lorbeerartige;Laurales;Lorbeergewächse;Lauraceae;Laurus;nobilis;;0;0;D;1;3;;;;;
Majoran;;Lippenblütlerartige;Lamiales;Lippenblütler;Lamiaceae;Origanum;majorana;;0;0;A;0;1;;;;;
Muskatellersalbei;;Lippenblütlerartige;Lamiales;Lippenblütler;Lamiaceae;Salvia;sclarea;;0;0;B;1;2;;;;;
Petersilie glatt;;Doldenblütlerartige;Apiales;Doldengewächse;Apiaceae;Petroselinum;crispum;;0;0;A;1;2;;neapolitanum;;;
Petersilie kraus;;Doldenblütlerartige;Apiales;Doldengewächse;Apiaceae;Petroselinum;crispum;;0;0;A;0;2;;crispum;;;
Süßkraut;Paraguaystevie;Asternartige;Asterales;Korbblütler;Asteraceae;Stevia;rebaudiana;;0;0;B;0;3;Honigblatt;;Zuckerblatt;;
Zimmerlavendel;;Lippenblütlerartige;Lamiales;Lippenblütler;Lamiaceae;Lavandula;heterophylla;;0;0;B;0;3;;;;;
Zitronengras;;Süßgrasartige;Poales;Süßgräser;Poaceae;Cymbopogon;citrarus;;0;0;D;0;3;;;;;
Alant;Echter Alant;Asternartige;Asterales;Korbblütler;Asteraceae;Inula;helenium;;1;1;C;0;1;;;Helenenkraut;;
frühlingsblühende Alraune;Alraunwurzel;Nachtschattenartige;Solanales;Nachtschattengewächse;Solanaceae;Mandragora;officinarum;;1;1;E;0;1;;;;;
herbstblühende Alraune;Alraunwurzel;Nachtschattenartige;Solanales;Nachtschattengewächse;Solanaceae;Mandragora;autumnalis;;1;1;E;0;1;;;;;
Ambrosia;klebriger Gänsefuß;Nelkenartige;Caryophyllales;Gänsefußgewächse;Chenopodiaceae;Chenopodium;botrys;;0;0;A;0;1;;;;;
Andorn;;Lippenblütlerartige;Lamiales;Lippenblütler;Lamiaceae;Marrubium;vulgare;;1;1;B;0;1;;;;;
Balsamkraut;Frauensalbei;Asternartige;Asterales;Korbblütler;Asteraceae;Tanacetum;balsamita;;1;1;B;1;1;Frauenminze;;Marienblatt;Echtes Balsamkraut;
Anisysop;Duftnessel;Lippenblütlerartige;Lamiales;Lippenblütler;Lamiaceae;Agastache;foeniculum;;1;0;B;0;1;;;;;
Bergarnika;Echte Arnika;Asternartige;Asterales;Korbblütler;Asteraceae;Arnica;montana;;1;1;C;0;1;;;Berg Wohlverleih;;
Wiesenarnika;;Asternartige;Asterales;Korbblütler;Asteraceae;Arnica;chamissonis;;1;1;B;0;1;;;;;
Bärlauch;;Spargelartige;Asparagales;Lauchgewächse;Alliaceae;Allium;ursinum;;1;1;B;1;1;;;;;
Strauchbasilikum;;Lippenblütlerartige;Lamiales;Lippenblütler;Lamiaceae;Ocimum;basilicum;'MARSEILLAIS';0;0;B;0;3;;;;;
Thai-Basilikum;;Lippenblütlerartige;Lamiales;Lippenblütler;Lamiaceae;Ocimum;basilicum;;0;0;B;0;3;;;;;1
Tulsi Basilikum;;Lippenblütlerartige;Lamiales;Lippenblütler;Lamiaceae;Ocimum;tenuiflorum;;0;0;B;0;3;;;;;
Zitronenbasilikum;;Lippenblütlerartige;Lamiales;Lippenblütler;Lamiaceae;Ocimum;basilicum;;0;0;B;0;1;;;;;
Benediktendistel;Benediktenkraut;Asternartige;Asterales;Korbblütler;Asteraceae;Cnicus;benedictus;;0;0;B;0;1;;;Bitterdistel;;
Bergamott;Späte Indianernessel;Lippenblütlerartige;Lamiales;Lippenblütler;Lamiaceae;Monarda;fistulosa;;1;1;C;0;1;;;wildes Bergamott;;
griechischer Bergtee;Syrisches Gliedkraut;Lippenblütlerartige;Lamiales;Lippenblütler;Lamiaceae;Sideritis;syriaca;;1;0;C;0;1;;;;;
grüner Bertram;;Asternartige;Asterales;Korbblütler;Asteraceae;Anacyclus;;;1;0;B;0;1;;;;;
Blutampfer;;Knöterichartige;Polygonales;Knöterichgewächse;Polygonaceae;Rumex;sanguineus;;1;1;B;0;1;;;;;
Bergbohnenkraut;Winterbohnenkraut;Lippenblütlerartige;Lamiales;Lippenblütler;Lamiaceae;Satureja;montana;;1;0;A;0;1;;;Pfefferkraut;;
römischer Bertram;;Asternartige;Asterales;Korbblütler;Asteraceae;Anacyclus;pyrethrum;;1;0;C;0;1;;;;;
Brahmi;kleines Fettblatt;Braunwurzartige;Scrophulariales;Braunwurzgewächse;Scrophulariaceae;Bacopa;monnieri;;0;1;B;0;3;;;Wasserysop;;
Brunnenkresse;;Kapernartige;Capparales;Kreuzblütengewächse;Brassicaceae;Nasturtium;officinale;;1;0;A;1;1;;;;;
wildes Chinin;Prärieampfer;Asternartige;Asterales;Korbblütler;Asteraceae;Parthenium;integrifolium;;1;0;B;0;1;;;;;
Colastrauch;Kampfer Wermut;Asternartige;Asterales;Korbblütler;Asteraceae;Artemisia;alba;;1;0;B;0;1;;;;;
Curryblatt;Orangenraute;Seifenbaumartige;Sapindales;Rautengewächse;Rutaceae;Murraya;koenigii;;0;0;E;0;3;;;;;1
Currykraut;;Asternartige;Asterales;Korbblütler;Asteraceae;Helichrysum;italicum;;1;0;B;0;1;;;;;
Diptam;Gewöhnlicher Diptam;Seifenbaumartige;Sapindales;Rautengewächse;Rutaceae;Dictamnus;alba;;1;0;E;1;1;;;;;
Eisenkraut;;Lippenblütlerartige;Lamiales;Eisenkrautgewächse;Verbenaceae;Verbena;officinalis;;1;1;A;0;1;;;;;
Erdbeerspinat;durchblätterter Gänsefuß;Nelkenartige;Caryophyllales;Gänsefußgewächse;Chenopodiaceae;Chenopodium;foliosum;;0;0;A;0;1;;;;;
Erdkastanie;gewöhnlicher Knollenkümmel;Doldenblütlerartige;Apiales;Doldengewächse;Apiaceae;Bunium;bulbocastanum;;1;1;B;0;1;;;Knollenkümmel;;
Erdmandel;;Riedgrasartige;Cyperales;Riedgräser;Cyperaceae;Cyperus;esculentus;;0;0;B;0;1;;;;;
böhmischer Estragon;;Asternartige;Asterales;Korbblütler;Asteraceae;Artemisia;dracunculus;;1;0;B;0;1;;;;;
Färberkrapp;echte Färberröte;Röteartige;Rubiales;Rötegewächse;Rubiaceae;Rubia;tinctorum;;1;0;C;1;1;;;Krapp;;
ausdauernde Gartenkresse;Breitblättrige Kresse;Kapernartige;Capparales;Kreuzblütengewächse;Brassicaceae;Lepidium;latifolium;;0;0;B;0;1;Pfefferkraut;;Strandkresse;;
Gelbdolde;schwarze Gelbdolde;Doldenblütlerartige;Apiales;Doldengewächse;Apiaceae;Smyrnium;olusatrum;;1;0;C;1;1;Pferdeeppich;;schwarzer Liebstöckel;;
Goji-Beere;Bocksdorn;Nachtschattenartige;Solanales;Nachtschattengewächse;Solanaceae;Lycium;barbarum (chinense?);;1;0;B;0;1;;;Teufelszwirn;;
Granatapfel;;Myrtenartige;Myrtales;Granatapfelgewächse;Punicaceae;Punica;granatum;;1;0;C;0;1;;;;;
Günsel;kriechender Günsel;Lippenblütlerartige;Lamiales;Lippenblütler;Lamiaceae;Ajuga;reptans;;1;0;B;0;1;;;;;
Gundelrebe;Gundermann;Lippenblütlerartige;Lamiales;Lippenblütler;Lamiaceae;Glechoma;hederacea;;1;1;B;0;1;;;Erdefeu;;
Habichtskraut;kleines Habichtskraut;Asternartige;Asterales;Korbblütler;Asteraceae;Hieracium;pilosella;;1;1;B;0;1;;;Mäuseohr;;
guter Heinrich;wilder Mehlspinat;Nelkenartige;Caryophyllales;Gänsefußgewächse;Chenopodiaceae;Chenopodium;bonus-henricus;;1;0;C;0;1;;;;;
Herzsame;Ballonwein;Seifenbaumartige;Sapindales;Seifenbaumgewächse;Sapindaceae;Cardiospermum;halicacabum;;0;0;B;0;1;Blasen-Herzsame;;Ballonrebe;;
Jiaogulan;Kraut der Unsterblicheit;Veilchenartige;Violales;Kürbisgewächse;Cucurbitaceae;Gynostemma;pentaphyllum;;1;1;B;0;1;;;Pflanze des ewigen Lebens;;
Johanneskraut;Hartheu;;Theales;Johanniskrautgewächse;Clusiaceae;Hypericum;perforatum;;1;0;B;0;1;;;;;
Zitronen-Johanniskraut;Stinkendes Johanniskraut;;Theales;Johanniskrautgewächse;Clusiaceae;Hypricum;hircinum;;1;0;A;0;1;;;;;
echte Kamille;;Asternartige;Asterales;Korbblütler;Asteraceae;Matricaria;recutita;;0;0;B;0;1;;;;;
römische Rasenkamille;;Asternartige;Asterales;Korbblütler;Asteraceae;Chamaemelum;nobile;;1;0;A;0;1;;;;;
römische Kamille;;Asternartige;Asterales;Korbblütler;Asteraceae;Chamaemelum;nobile;;1;0;B;0;1;;;;;
Kapernstrauch;;Kapernartige;Capparales;Kaperngewächse;Capparaceae;Capparis;spinosa;;0;0;B;0;1;;;;;
Kapuzinerkresse;;Storchschnabelartige;Geraniales;Kapuzinerkressengewächse;Tropaeolaceae;Tropaeolum;majus;;0;0;A;0;1;;;;;
Kardamom;;Ingwerartige;Zingiberales;Ingwergewächse;Zingiberaceae;Elettaria;cardamomum;;0;1;D;0;1;;;;;
Kermesbeere;;Nelkenartige;Caryophyllales;Kermesbeerengewächse;Phytolaccaceae;Phytolacca;americana;;1;1;B;0;1;;;;;
Klettersalat;Peru Portulak;Nelkenartige;Caryophyllales;Basellagewächse;Basellaceae;Anredera;cordifolia;;0;1;D;0;1;;;Madeira Wein;;
vietnamesischer Koriander;;Knöterichartige;Polygonales;Knöterichgewächse;Polygonaceae;Persicaria;odorata;;0;0;B;0;1;;;;;
Kretamelisse;;Lippenblütlerartige;Lamiales;Lippenblütler;Lamiaceae;Melissa;officinalis;var. altissima;1;1;B;0;1;;;;;
Labkraut;;Röteartige;Rubiales;Rötegewächse;Rubiaceae;Galium;verun;;1;0;B;0;1;;;;;
Mädesüß;;Rosenartige;Rosales;Rosengewächse;Rosaceae;Filipendula;ulmaria;;1;1;B;0;1;;;;;
Mariendistel;;Asternartige;Asterales;Korbblütler;Asteraceae;Silybum;marianum;;1;0;B;0;1;;;;;
Süßgras;Mariengras;Süßgrasartige;Poales;Süßgräser;Poaceae;Hierochloe;odorata;;1;0;C;0;1;Sweet Grass;;;;
Meerzwiebel;falsche Meerzwiebel;Spargelartige;Asparagales;Hyazinthengewächse;Hyacinthaceae;Ornithogalum;longibracteatum;;0;0;B;0;1;;;;;
Meisterwurz;Haarstrang;Doldenblütlerartige;Apiales;Doldengewächse;Apiaceae;Peucedanum;ostruthium;;1;1;D;0;1;;;Hirschwurz;;
Erdbeerminze;;Lippenblütlerartige;Lamiales;Lippenblütler;Lamiaceae;Mentha;species;;1;0;B;0;;;;;;
Bergminze;;Lippenblütlerartige;Lamiales;Lippenblütler;Lamiaceae;Calamintha;nepeta;;1;0;B;0;;;;;;
Ingwerminze;;Lippenblütlerartige;Lamiales;Lippenblütler;Lamiaceae;Mentha;gentilis;;1;0;B;0;;;;;;
Mojitominze;;Lippenblütlerartige;Lamiales;Lippenblütler;Lamiaceae;Mentha;species;'Nemorosa';1;0;B;0;;;;;;
Schokominze;;Lippenblütlerartige;Lamiales;Lippenblütler;Lamiaceae;Mentha;piperita;'After Eight';1;0;B;0;;;;;;
Zitronenminze;;Lippenblütlerartige;Lamiales;Lippenblütler;Lamiaceae;Mentha;aquatica;'Citrata';1;0;B;0;;;;;;
Zitronenkatzenminze;;Lippenblütlerartige;Lamiales;Lippenblütler;Lamiaceae;Nepeta;cataria;;1;0;A;1;;;;;;
Marokko Minze;;Lippenblütlerartige;Lamiales;Lippenblütler;Lamiaceae;Mentha;spicata;'Crispa';1;0;B;0;;;;;;
sardische Minze;;Lippenblütlerartige;Lamiales;Lippenblütler;Lamiaceae;Mentha;requienii;;0;0;B;0;3;;;;;
argentinischer Minzstrauch;;Lippenblütlerartige;Lamiales;Eisenkrautgewächse;Verbenaceae;Lippia;polystacha;;0;0;B;0;1;;;;;
bunte Ananasminze;;Lippenblütlerartige;Lamiales;Lippenblütler;Lamiaceae;Mentha;x rotundifolia;;1;0;B;0;;;;;;
Mönchspfeffer;Keuschbaum;Lippenblütlerartige;Lamiales;Eisenkrautgewächse;Verbenaceae;Vitex;agnus-castus;;1;0;C;0;1;;;;;
Mutterkraut;;Asternartige;Asterales;Korbblütler;Asteraceae;Tanacetum;parthenium;;1;1;B;1;1;;;;;
Myrte;Brautmyrte;Myrtenartige;Myrtales;Myrtengewächse;Myrtaceae;Myrtus;communis;;0;0;C;0;1;;;;;
Olive;;Braunwurzartige;Scrophulariales;Ölbaumgewächse;Oleaceae;Olea;europaea;;0;0;C;0;3;;;;;
Oswegokraut;Pfefferkraut;Lippenblütlerartige;Lamiales;Lippenblütler;Lamiaceae;Monarda;fistulosa;;1;1;C;0;1;;;späte Indianernessel;;
Pfeilkresse;;Kapernartige;Capparales;Kreuzblütengewächse;Brassicaceae;Cardaria;draba;;1;1;B;0;1;;;;;
Rainfarn;;Asternartige;Asterales;Korbblütler;Asteraceae;Tanacetum;vulgare;;1;1;B;1;1;;;;;
fenchelblättrige Raute;;Asternartige;Asterales;Korbblütler;Asteraceae;Artemisia;abrotanum;;1;0;B;0;;;;;;
Duftreseda;Reseda;Kapernartige;Capparales;Resedagewächse;Resedaceae;Reseda;odorata;;0;0;B;0;1;;;;;
Ringelblume;Gartenringelblume;Asternartige;Asterales;Korbblütler;Asteraceae;Calendula;officinalis;;0;0;A;1;1;;;;;
hängender Rosmarin;;Lippenblütlerartige;Lamiales;Lippenblütler;Lamiaceae;Rosmarinus;officinalis;;1;0;C;0;1;;;;;
Fichtennadel Rosmarin;Pinien Rosmarin;Lippenblütlerartige;Lamiales;Lippenblütler;Lamiaceae;Rosmarinus;officinalis;Fichtennadel;0;0;B;0;3;;;;;
Safran;;Lilienartige;Liliales;Schwertliliengewächse;Iridaceae;Crocus;sativus;;1;1;B;0;1;;;;;
afrikanischer Räuchersalbei;;Lippenblütlerartige;Lamiales;Lippenblütler;Lamiaceae;Salvia;repens;;1;0;C;0;1;;;;;
Mandarinensalbei;;Lippenblütlerartige;Lamiales;Lippenblütler;Lamiaceae;Salvia;elegans;;0;0;B;0;3;;;;;
Pfirsichsalbei;;Lippenblütlerartige;Lamiales;Lippenblütler;Lamiaceae;Salvia;greggii;;0;0;B;0;3;;;;;
weißer Räuchersalbei;indianischer Räuchersalbei;Lippenblütlerartige;Lamiales;Lippenblütler;Lamiaceae;Salvia;apiana;;0;0;D;0;3;white Sage;;weißer Salbei;;
Samtsalbei;;Lippenblütlerartige;Lamiales;Lippenblütler;Lamiaceae;Salvia;officinalis;;1;0;B;0;1;;;;;
indianischer Salbeistrauch;;Asternartige;Asterales;Korbblütler;Asteraceae;Artemisia;canariensis;;1;0;B;0;1;;;;;
Salzkraut;;Nelkenartige;Caryophyllales;Gänsefußgewächse;Chenopodiaceae;Salsola;soda;;0;0;B;0;1;;;;;
Sambung Nyawa;Blätter des Lebens;Asternartige;Asterales;Korbblütler;Asteraceae;Gynura;procumbens;;0;0;C;0;3;;;Pflanze gegen 100 Krankheiten;;
Schafgarbe;;Asternartige;Asterales;Korbblütler;Asteraceae;Achillea;millefolium;;1;0;B;0;1;;;;;
Schnauzenschreck;Verpiß dich;Lippenblütlerartige;Lamiales;Lippenblütler;Lamiaceae;Plectranthus;Caninus-Hybride;;0;0;B;0;1;;;Schnauzenschreck;;
Schnittknoblauch;Schnittknofel;Spargelartige;Asparagales;Lauchgewächse;Alliaceae;Allium;tuberosum;;1;0;B;0;1;;;;;
grüne Schwarznessel;Perilla;Lippenblütlerartige;Lamiales;Lippenblütler;Lamiaceae;Perilla;frutescens;;0;0;B;0;1;;;;;
rote Schwarznessel;Perilla;Lippenblütlerartige;Lamiales;Lippenblütler;Lamiaceae;Perilla;frutescens;;0;0;B;0;1;;;;;
Seifenkraut;;Nelkenartige;Caryophyllales;Nelkengewächse;Caryophyllaceae;Saponaria;officinalis;;1;1;B;0;1;;;;;
roter Sonnenhut;;Asternartige;Asterales;Korbblütler;Asteraceae;Echinacea;purpurea;;1;0;B;0;1;;;;;
Spargel;;Spargelartige;Asparagales;Spargelgewächse;Asparagaceae;Asparagus;officinalis;;1;1;B;0;1;;;;;
Süßkartoffel;Batate;Nachtschattenartige;Solanales;Windengewächse;Convolvulaceae;Ipomoea;batatas;;0;0;C;0;3;;;;;
aztekisches Süßkraut;;Lippenblütlerartige;Lamiales;Eisenkrautgewächse;Verbenaceae;Lippia;dulcis;;0;0;C;0;3;;;;;
Tausendguldenkraut;Tausendgüldenkraut;Enzianartige;Gentianales;Enziangewächse;Gentianaceae;Centaurium;erythraea;;0;0;A;1;1;Kopfiges Tausendguldenkraut;;Echtes Tausendguldenkraut;;
Teebaum;;Myrtenartige;Myrtales;Myrtengewächse;Myrtaceae;Leptospermum;laevigatum;;0;0;D;0;3;;;;;
Feldthymian;Quendel;Lippenblütlerartige;Lamiales;Lippenblütler;Lamiaceae;Thymus;serpyllum;;1;0;A;0;1;;;;;
Kümmelthymian;;Lippenblütlerartige;Lamiales;Lippenblütler;Lamiaceae;Thymus;herba-barona;;1;0;B;0;1;;;;;
Steinpilzthymian;langstängeliger Thymian;Lippenblütlerartige;Lamiales;Lippenblütler;Lamiaceae;Thymus;longicaulis;;1;0;B;0;1;;odoratus;Kaskadenthymian;;
Topinambur;Erdschocke;Asternartige;Asterales;Korbblütler;Asteraceae;Helianthus;tuberosus;;1;1;B;0;1;;;;;
Vanille;;Spargelartige;Asparagales;Orchideen;Orchidaceae;Vanilla;fragrans;;0;0;D;0;3;;;;;
Venuskamm;Nadelkerbel;Doldenblütlerartige;Apiales;Doldengewächse;Apiaceae;Scandix;pectan-veneris;;0;0;B;0;1;;;;;
Winterheckezwiebel;Winter-Zwiebel;Spargelartige;Asparagales;Lauchgewächse;Alliaceae;Allium;fistulosum;;1;0;B;1;1;;;;;
Heilziest;Echter Ziest;Lippenblütlerartige;Lamiales;Lippenblütler;Lamiaceae;Stachys;officinalis;;1;1;C;0;1;;;;;
Knollenziest;;Lippenblütlerartige;Lamiales;Lippenblütler;Lamiaceae;Stachys;affinis;;1;1;C;0;1;;;;;
Zimmerknofel;Knoblauchs-Kaplilie;Lilienartige;Liliales;Liliengewächse;Liliaceae;Tulbaghia;violacea;;0;0;C;0;3;;;;;
Zuckerwurzel;Süßwurzel;Doldenblütlerartige;Apiales;Doldengewächse;Apiaceae;Sium;sisarum;;1;0;B;0;1;;;Zucker-Merk;;
Färberkamille;Färberhundskamille;Asternartige;Asterales;Korbblütler;Asteraceae;Anthemis;tinctoria;;1;1;B;0;1;;;;;
Zwerglampionblume;Blasenkirsche;Nachtschattenartige;Solanales;Nachtschattengewächse;Solanaceae;Physalis;alkekengi;;1;1;B;0;1;;;;;
Lungenkraut;echtes Lungenkraut;Nachtschattenartige;Solanales;Rauhblattgewächse;Boraginaceae;Pulmonaria;officinalis;;1;1;B;0;1;;;Kleingeflecktes Lungenkraut;;
Maca;peruanischer Ginseng;Kapernartige;Capparales;Kreuzblütengewächse;Brassicaceae;Lepidium;meyenii;;1;1;B;0;1;;;;;
Haferwurz;Haferwurzel;Asternartige;Asterales;Korbblütler;Asteraceae;Tragopogon;porrifolius;;1;1;B;0;1;;;;;
Pfefferbasilikum;;Lippenblütlerartige;Lamiales;Lippenblütler;Lamiaceae;Ocimum;selloi;`Green PepperÂ´;0;0;B;0;3;;;;;
Andenchili;Parakresse;Asternartige;Asterales;Korbblütler;Asteraceae;Acmella;oleracea;;0;0;B;0;3;Zahnwehpflanze;;Prickelköpfchen;;
Andenbeere;;Nachtschattenartige;Solanales;Nachtschattengewächse;Solanaceae;Physalis;peruviana;;0;0;C;0;3;;;;;
Gotu Kola;Asiatisches Sumpfpfennigkraut;Doldenblütlerartige;Apiales;Doldengewächse;Apiaceae;Centella;asiatica;;0;0;B;0;1;;;;;
Veilchen;Duftveilchen;Veilchenartige;Violales;Veilchengewächse;Violaceae;Viola;odorata;;1;0;C;0;1;Wohlriechendes Veilchen;;Märzveilchen;;
Basilienkraut;;Lippenblütlerartige;Lamiales;Lippenblütler;Lamiaceae;Ocimum;kilimandscharicum;'AFRICAN BLUE';0;0;B;0;3;;;;;
Kalmus;;Kalmusartige;Acorales;Kalmusgewächse;Acoraceae;Acorus;calamus;;1;1;D;0;1;;;;;
Bananenminze;;Lippenblütlerartige;Lamiales;Lippenblütler;Lamiaceae;Mentha;arvensis;`BananaÂ´;1;1;B;0;;;;;;
Odermennig;;Rosenartige;Rosales;Rosengewächse;Rosaceae;Agrimonia;eupatoria;;1;1;C;0;3;;;;;
Schöllkraut;Warzenkraut;Mohnartige;Papaverales;Mohngewächse;Papaveraceae;Chelidonium;majus;;0;0;B;0;;;;;;
Spitzwegerich;;Wegerichartige;Plantaginales;Wegerichgewächse;Plantaginaceae;Plantago;lanceolata;;1;0;B;0;3;;;;;
Ammei;;Doldenblütlerartige;Apiales;Doldengewächse;Apiaceae;Trachyspermum;ammi;;0;0;;1;;Trachyspermum copticum;;;Ammi copticus;
Apfel;;Rosenartige;Rosales;Rosengewächse;Rosaceae;Malus;domestica;;0;0;;1;;;;;;
Bärwurz;;Doldenblütlerartige;Apiales;Doldengewächse;Apiaceae;Meum;athamanticum;;0;0;;1;;;;;;
Bergkümmel;Berglaserkraut;Doldenblütlerartige;Apiales;Doldengewächse;Apiaceae;Laserpitium;siler;;0;0;;1;;;;;;
Birne;;Rosenartige;Rosales;Rosengewächse;Rosaceae;Pyrus;communis;;0;0;;1;;;;;;
Erbse;;Schmellterlingsblütenartige;Fabales;Hülsenfrüchtler;Fabaceae;Pisum;sativum;;0;0;;1;;;;;;
Esskastanie;;Buchenartige;Fagales;Buchengewächse;Fagaceae;Castanea;sativa;;0;0;;1;;;;;;
Feige;;Brennesselartige;Urticales;Maulbeergewächse;Moraceae;Ficus;carica;;0;0;;1;;;;;;
Flaschenkürbis;Kalebasse;Veilchenartige;Violales;Kürbisgewächse;Cucurbitaceae;Lagenaria;siceraria;;0;0;;1;;Cucurbita lagenaria;;;;
Griechisch Heu;;Schmellterlingsblütenartige;Fabales;Hülsenfrüchtler;Fabaceae;Trigonella;foenum-graecum;;0;0;;1;;;;;;
Gurke;;Veilchenartige;Violales;Kürbisgewächse;Cucurbitaceae;Cucumis;sativus;;0;0;;1;1;;;;;
Haselnuss;;Buchenartige;Fagales;Birkengewächse;Betulaceae;Corylus;avellana;;1;0;;1;;;;;;
Hauswurz;Dach-Hauswurz;Steinbrechartige;Saxifragales;Dickblattgewächse;Crassulaceae;Sempervivum;tectorum;;1;0;;1;;;;;;
Helmbohne;Faselbohne;Schmellterlingsblütenartige;Fabales;Hülsenfrüchtler;Fabaceae;Lablab;purpureus;;0;0;;1;1;Dolichos lablab;;;;
Weberkarde;;Kardenartige;Dipsacales;Kardengewächse;Dipsacaceae;Dipsacus;sativus;;1;0;;1;2;;;;;
Kardone;;Asternartige;Asterales;Korbblütler;Asteraceae;Cynara;cardunculus;;0;0;;1;;;;;;
Käsepappel;Wegmalve;Malvenartige;Malvales;Malvengewächse;Malvaceae;Malva;neglecta;;0;0;;1;2;Malva neglecta;;;;
Kichererbse;;Schmetterlingsblütenartige;Fabales;Hülsenfrüchtler;Fabaceae;Cicer;arietinum;;0;0;;1;1;;;;;
Sauerkirsche;Weichsel;Rosenartige;Rosales;Rosengewächse;Rosaceae;Prunus;cerasus;;0;0;;1;;;;;;
Süßkirsche;Vogelkirsche;Rosenartige;Rosales;Rosengewächse;Rosaceae;Prunus;avium;;0;0;;1;;;;;;
Große Klette;Klette;Asternartige;Asterales;Korbblütler;Asteraceae;Arctium;lappa;;0;0;;1;;;;;;
Knoblauch;Knofel;Spargelartige;Asparagales;Lauchgewächse;Alliaceae;Allium;sativum;;0;0;;1;;;;;;
Schlangenknöterich;Schlangenwiesenknöterich;Kapernartige;Capparales;Kreuzblütengewächse;Brassicaceae;Bistorta;officinalis;;0;0;;1;;Polygonum bistorta;officinalis;;;
Kohl;;Kapernartige;Capparales;Kreuzblütengewächse;Brassicaceae;Brassica;oleracea;;0;0;;1;;;;;;
Kohlrabi;;Kapernartige;Capparales;Kreuzblütengewächse;Brassicaceae;Brassica;oleracea;;0;0;;1;;;gongylodes;;;
Koloquinthe;Bittermelone;Veilchenartige;Violales;Kürbisgewächse;Cucurbitaceae;Citrullus;colocynthis;;0;0;;1;;;;;;
Kostuswurzel;;Asternartige;Asterales;Korbblütler;Asteraceae;Saussurea;costus;;0;0;;1;;;;;;
Kreuzkümmel;;Veilchenartige;Violales;Kürbisgewächse;Cucurbitaceae;Cuminum;cyminum;;0;0;;1;;;;;;
Kuhbohne;Spargelbohne;Schmetterlingsblütenartige;Fabales;Hülsenfrüchtler;Fabaceae;Vigna;unguiculata;;0;0;;1;;;;;;
Lattich;Gartenlattich;Asternartige;Asterales;Korbblütler;Asteraceae;Lactuca;sativa;;0;0;;1;;;;Grüner Salat;;
Giftlattich;;Asternartige;Asterales;Korbblütler;Asteraceae;Lactuca;virosa;;0;0;;1;;;;;;
Winterlauch;Lauch;Spargelartige;Asparagales;Lauchgewächse;Alliaceae;Allium;porrum;;0;0;;1;;;;Breitlauch;;
Madonnenlilie;Weiße Lilie;Lilienartige;Liliales;Liliengewächse;Liliaceae;Lilium;candidum;;0;0;;1;;;;;;
Mandel;Mandelbaum;Rosenartige;Rosales;Rosengewächse;Rosaceae;Prunus;dulcis;;0;0;;1;;;;;;
Mangold;;Nelkenartige;Caryophyllales;Gänsefußgewächse;Chenopodiaceae;Beta;vulgaris;;0;0;;1;;;cicla;;;
Schwarze Maulbeere;Maulbeere;Brennesselartige;Urticales;Maulbeergewächse;Moraceae;Morus;nigra;;0;0;;1;;;;;;
Meerzwiebel;echte Meerzwiebel;Spargelartige;Asparagales;Hyazinthengewächse;Hyacinthaceae;Urginea;maritima;;0;0;;1;;Scilla;;weiße Meerzwiebel;;
Meier;;Nelkenartige;Caryophyllales;Fuchsschwanzgewächse;Amaranthaceae;Amaranthus;blitum;;0;0;;1;1;;;;;
Gartenmelde;Spanischer Salat;Nelkenartige;Caryophyllales;Gänsefußgewächse;Chenopodiaceae;Atriples;hortensis;;1;0;;1;;;;;;
Rossminze;;Lippenblütlerartige;Lamiales;Lippenblütler;Lamiaceae;Mentha;longifolia;;0;0;;1;;;;;;
Mispel;;Rosenartige;Rosales;Rosengewächse;Rosaceae;Mespilus;germanica;;0;0;;1;;;;;;
Schlafmohn;;Mohnartige;Papaverales;Mohngewächse;Papaveraceae;Papaver;somniferum;;0;0;;1;;;;;;
Möhre;Karotte;Doldenblütlerartige;Apiales;Doldengewächse;Apiaceae;Daucus;carota;;0;0;;1;;;;;;
Mutterwurz;;Doldenblütlerartige;Apiales;Doldengewächse;Apiaceae;Ligusticum;mutellina;;0;0;;1;;;;;;
Ölrauke;Rukola;Kapernartige;Capparales;Kreuzblütengewächse;Brassicaceae;Eruca;stiva;;0;0;;1;;Gartensenfrauke;;Senfrauke;Rucola;
Pastinak;Echter Pastinak;Doldenblütlerartige;Apiales;Doldengewächse;Apiaceae;Pastinaca;sativa;;0;0;;1;2;;;Hammelsmöhre;;
Pfirsich;;Rosenartige;Rosales;Rosengewächse;Rosaceae;Prunus;persica;;0;0;;1;;;persica;;;
Pflaume;Zwetschge;Rosenartige;Rosales;Rosengewächse;Rosaceae;Prunus;domestica;;0;0;;1;;;domestica;;;
Pinie;Schirmkiefer;Kiefernartige;Pinales;Kieferngewächse;Pinaceae;Pinus;pinea;;1;0;;1;;;;;;
Quitte;Echte Quitte;Rosenartige;Rosales;Rosengewächse;Rosaceae;Cydonia;oblonga;;0;0;;1;;;;;;
Rettich;Radi;Kapernartige;Capparales;Kreuzblütengewächse;Brassicaceae;Raphanus;sativus;;0;0;;1;1;;niger;Gartenrettich;;
Hundsrose;;Rosenartige;Rosales;Rosengewächse;Rosaceae;Rosa;canina;;1;0;;1;;;;;;
Sadebaum;Wacholder;Kiefernartige;Pinales;Zypressengewächse;Cupressaceae;Juniperus;sabina;;1;0;;1;;;;Stinkwacholder;;
Saubohne;Puffbohne;Schmetterlingsblütenartige;Fabales;Hülsenfrüchtler;Fabaceae;Vicia;faba;;0;0;;1;1;;faba;;;
Schalotte;;Spargelartige;Asparagales;Lauchgewächse;Alliaceae;Allium;cepa;;1;0;;1;;;Aggregatum Grp.;;;
Schwarzkümmel;;Hahnenfußartige;Ranunculales;Hahnenfußgewächse;Ranunculaceae;Nigella;sativa;;0;0;;1;1;;;;;
Deutsche Schwertlilie;;Lilienartige;Liliales;Schwertliliengewächse;Iridaceae;Iris;x germanica;;1;0;;1;;;germanica;;;
Sellerie;Zeller;Doldenblütlerartige;Apiales;Doldengewächse;Apiaceae;Apium;graveolens;;0;0;;1;2;;;Eppich;;
Senf;Weißer Senf;Kapernartige;Capperales;Kreuzblütengewächse;Brassicaceae;Sinapis;alba;;0;0;;1;;;;;;
Siegwurz;Saat-Siegwurz;Lilienartige;Liliales;Schwertliliengewächse;Iridaceae;Gladiolus;italicus;;1;0;;1;;;;;;
Europäische Sonnenwende;;Nachtschattenartige;Solanales;Rauhblattgewächse;Boraginaceae;Heliotropium;europaeum;;0;0;;1;1;;;;;
Speierling;;Rosenartige;Rosales;Rosengewächse;Rosaceae;Sorbus;domestica;;1;0;;1;;;;;;
Stoppelrübe;Herbstrübe;Kapernartige;Capparales;Kreuzblütengewächse;Brassicaceae;Brassica;rapa;;0;0;;1;2;Weiße Rübe;rapa;Wasserrübe;;
Walnuss;;Walnussartige;Juglandales;Walnussgewächse;Juglandaceae;Juglans;regia;;1;0;;1;;;;;;
Wegwarte;;Asternartige;Asterales;Korbblütler;Asteraceae;Cichorium;intybus;;0;0;;1;;;;;;
Kreuzblättrige Wolfsmilch;;Wolfsmilchartige;Euphorbiales;Wolfsmilchgewächse;Euphorbiaceae;Euphorbia;lathyrus;;0;0;;1;2;;;;;
Weiße Zaunrübe;Schwarzfrüchtige Zaunrübe;Veilchenartige;Violales;Kürbisgewächse;Cucurbitaceae;Bryonia;alba;;1;0;;1;;;;;;
Zuckermelone;;Veilchenartige;Violales;Kürbisgewächse;Cucurbitaceae;Cucumis;melo;;0;0;;1;1;;Cantalupensis Grp.;;;
Zwiebel;Küchenzwiebel;Spargelartige;Asparagales;Lauchgewächse;Alliaceae;Allium;cepa;;0;0;;1;;;Cepa Grp.;Sommerzwiebel;;
Austernpflanze;;Raublattartige;Boraginales;Raublattgewächse;Boraginaceae;Mertensia;maritima;;0;0;;0;;;;;;
steirisches Strauchbasilikum;;;;;;;;;0;0;;0;;;;;;
weißes Basilikum;;;;;;;;;0;0;;0;;;;;;
schwarzes Bilsenkraut;;;;;;Hyoscyamus;niger;;0;0;;0;;;;;;
weißes Bilsenkraut;gelbes Bilsenkraut;;;;;Hyoscyamus;albus;;0;0;;0;;;;helles Bilsenkraut;;
Blutwurz;Tormentill;;;;;Potentilla;erecta;;0;0;;0;;;;;;
Boatzkräutl;Bohnenkraut;;;;;Satureja;hortensis;;0;0;;0;1;;Boatzkräutl;;;
Chili;;;;;;;;;0;0;;0;1;;;;;
Cistrose;;;;;;Cistus;incanus;;0;0;;0;3;;;;;
Speisechrysantheme;;;;;;;;;0;0;;0;;;;;;
schmalblättrige Damiana;;;;;;Turnera;diffusa;;0;0;;0;;;;;;
großblättrige Damiana;;;;;;Turnera;ulmifolia;;0;0;;0;;;;;;
Eiskraut;ausdauerndes Eiskraut;;;;;Aptenia;cordifolia;;0;0;;0;;;;Herzblättrige Mittagsblume;;
Engelwurz;Angelika;;;;;Angelica;archangelika;;0;0;;0;;;;;;
Färberwaid;;;;;;;;;0;0;;0;;;;;;
Färberwau;;;;;;;;;0;0;;0;;;;;;
indischer Flohsame;;;;;;;;;0;0;;0;;;;;;
echtes Herzgespann;;;;;;Leonurus;cardiaca;;0;0;;0;;;;;;
Hirschwurzel;;;;;;;;;0;0;;0;;;;;;
Weberkarde;Karde;Kardenartige;Dipsacales;Kardengewächse;Dipsacaceae;Dipsacus;sativus;;0;0;;0;;;;;;
Kardone;Cardy;Asternartige;Asterales;Korbblütler;Asteraceae;Cynara;cardunculus;;0;0;;0;;;;;;
Knoblauchgamander;;Lippenblütlerartige;Lamiales;Lippenblütler;Lamiaceae;Teucrium;scordium;;0;0;;0;;;;;;
Bockshornklee;;;;;;Trigonella;foenum-graecum;;0;0;;0;;;;;;
Schabzigerklee;;;;;;;;;0;0;;0;;;;;;
Kresse;;;;;;;;;0;0;;0;;;;;;
Kroatzbeere;;;;;;Rubus;caesius;;0;0;;0;;;;;;
französischer Lavendel;;;;;;;;GROSSO;0;0;;0;;;;;;
Lein;;;;;;Linum;;;0;0;;0;;;;;;
Löffelkraut;;;;;;;;;0;0;;0;;;;;;
moldawische Melisse;;;;;;;;;0;0;;0;1;;;;;
Meisterwurz;;;;;;;;;0;0;;0;;;;;;
kleine Katzenminze;;;;;;Nepeta;faassenii;;1;1;;0;;;;;;
kriechende Poleiminze;;;;;;;;;1;1;;0;3;;;;;
Nelkenwurz;;;;;;Geum;;;0;0;;0;;;;;;
Olivenkraut;;;;;;Santolina;;;0;0;;0;;;;;;
Passionsblume;;;;;;Passiflora;;;0;0;;0;;;;;;
heilende Passionsblume;;;;;;Passiflora;incarnata;;0;0;;0;;;;;;
Bibernelle;kleine Bibernelle;Doldenblütlerartige;Apiales;Doldenblütler;Apiaceae;Pimpinella;saxifraga;;0;0;;0;;;;;;
Pilzkraut;;;;;;Rungia;klossii;;0;0;;0;;;;;;
wilder Portulak;;;;;;Portulaca;;;0;0;;0;;;;;;
Queller;;;;;;Salicornia;europaea;;0;0;;0;;;;;;
Rizinus;;;;;;Ricinus;communis;;0;0;;0;;;;;;
Rosmarin ARP;;;;;;;;ARP;0;0;;0;;;;;;
Rosmarin Veitshöchheim;;;;;;;;Veitshöchheim;0;0;;0;;;;;;
Honigmelonensalbei;;;;;;;;;0;0;;0;;;;;;
Johannisbeersalbei;;;;;;;;;0;0;;0;;;;;;
mexikanischer Salbei;;;;;;Lepichinia;hastata;;0;0;;0;;;;;;
Pfeffersalbei;;;;;;;;;0;0;;0;;;;;;
Präriesalbei;;;;;;;;;0;0;;0;;;;;;
Silberblattsalbei;;;;;;;;;0;0;;0;;;;;;
kleiner Sauerampfer;;;;;;;;;0;0;;0;;;;;;
Süssdolde;;;;;;;;;0;0;;0;;;;;;
Mattenthymian;;;;;;;;;0;0;;0;;;;;;
Tollkirsche;schwarzfrüchtige Tollkirsche;;;;;Atropa;belladonna;;0;0;;0;;;;schwarze Tollkirsche;;
Tüpfelfarn;Engelsüß;Tüpfelfarnartige;Polypodiales;Tüpfelfarngewächse;Polypodiaceae;Polypodium;vulgare;;1;0;;0;3;;;;;
Alraune;;;;;;Mandragora;officinarum;;0;0;E;0;;;;;;
Frühlings-Adonis;Adonisröschen;;;;;Adonis;vernalis;;0;0;;0;;;;Frühlings-Adonisröschen;;
Sommer-Adonis;Adonisröschen;;;;;Adonis;aestivalis;;0;0;;0;;;;Sommer-Adonisröschen;;
Herbst-Adonis;Adonisröschen;;;;;Adonis;annua;;0;0;;0;;;;Herbst-Adonisröschen;;
Amarant;Fuchsschwanz;;;;;Amaranthus;blitum;;0;0;;0;;;;;;
Canum Basilikum;Tulsi canum;;;;;Ocimum;canum;;0;0;;0;;;;;;
Färberdistel;;;;;;Carthamus;tinctoris;;0;0;;0;;;;;;
europäische Goldrute;echte Goldrute;;;;;Solidago;virgaurea;;0;0;;0;;;;gemeine Goldrute;;
Steinklee;Echter Steinklee;;;;;Meliotus;officinalis;;0;0;;0;;;;Gelber Steinklee;;
Gartenkresse;;;;;;Lepidium;sativum;;0;0;;0;;;;;;
Süßholz;;;;;;Glycyrrhiza;glabra;;0;0;;0;;;;;;
Schmalblättriger Sonnenhut;;;;;;Echinacea;angustifolia;;0;0;;0;;;;;;
Gelbe Tollkirsche;Gelbfrüchtige Tollkirsche;;;;;Atropa;belladonna;`Lutea`;0;0;;0;;;;;;
echter Haarstrang;;;;;;Peucedanum;officinale;;0;0;;0;;;;;;
Faserhanf;Nutzhanf;;;;;Cannabis;sativa;;0;0;;0;;;sativa;;;
Huflattich;;;;;;Tussilago;farfara;;0;0;;0;;;;;;
Schabenkönigskerze;;;;;;Verbascum;blattaria;;0;0;;0;;;;;;
Salzmelde;;;;;;Atriplex;halimus;;0;0;;0;;;;;;
Virginiatabak;;;;;;Nicotiana;tabacum;;0;0;;0;;;;;;
Bauerntabak;;;;;;Nicotiana;rustica;;0;0;;0;;;;;;
Ehrenpreis;Ähriger Ehrenpreis;;;;;Veronica;spicata;;0;0;;0;;Ähren-Blauweiderich;;Ähriger Blauweiderich;;
arabisches Bergkraut;;;;;;Micromeria;fruticosa;;0;0;;0;;;;;;
Schildampfer;römischer Ampfer;;;;;Rumex;scutatus;;0;0;;0;;;;;;
echte Aloe;;Spargelartige;Asparagales;Grasbaumgewächse;Xanthorrhoeaceae;Aloe;vera;;0;0;;0;3;;;;;
Eisenhut;Mönchshut;Hahnenfußartig;Ranunculales;Hahnenfußgewächse;Ranunlulaceae;Aconitum;napellus;;0;0;;0;;Würgling;;Ziegentod;Venuswagen;
